 ,Area,Mean,Min,Max,Length
1,20.118,100.048,93.333,106.965,25.858
2,310.651,254.025,0.333,255.000,403.077
3,71.598,121.448,87.701,132.562,92.443
4,22.485,93.833,73.818,106.241,28.833
5,101.775,120.114,90.333,131.620,132.257
6,23.077,97.913,87.559,107.544,29.483
7,105.917,126.330,7.495,254.449,137.061
8,22.485,106.600,89.780,130.749,28.915
9,115.976,126.359,118.947,141.257,150.364
10,21.893,91.207,80.646,106.149,27.873
11,48.521,117.824,90.333,124.640,62.839
12,23.077,100.731,82.006,115.380,29.241
13,68.047,124.359,81.667,134.101,87.986
14,21.893,99.398,77.969,120.280,28.000
15,97.633,124.306,73.000,134.090,126.502
16,22.485,86.254,69.009,110.667,28.472
17,122.485,123.214,97.006,130.935,158.995
18,24.260,107.033,86.333,114.647,30.856
19,46.154,126.140,111.763,136.470,59.515
20,22.485,99.042,75.667,111.141,28.997
21,85.207,116.772,74.667,129.432,110.476
22,19.527,86.648,58.333,109.528,25.115
23,106.509,128.950,58.835,142.787,137.841
24,20.710,112.350,96.668,128.031,26.835
25,150.296,116.230,54.490,137.598,194.794
26,25.444,77.264,50.413,132.000,32.889
27,23.669,77.885,49.058,132.000,30.431
28,26.036,140.696,72.599,255.000,33.805
29,21.302,115.300,107.999,123.231,27.456
30,38.462,129.249,97.531,142.667,49.992
31,18.935,118.462,93.667,129.484,24.325
32,7.101,113.588,80.847,124.604,8.600
33,21.302,115.419,100.592,123.669,27.575
34,31.361,101.201,39.333,141.000,40.769
35,21.302,113.058,75.667,125.817,26.967
36,21.302,128.012,104.867,147.187,27.397
37,23.669,105.507,84.545,120.558,30.314
38,27.219,126.517,87.000,135.331,35.103
39,23.077,112.149,90.333,119.403,29.392
40,17.160,134.192,130.000,140.681,21.990
41,21.893,87.545,65.614,102.471,27.799
42,124.852,109.426,92.453,122.333,162.340
43,20.710,91.297,77.581,100.489,26.569
44,123.077,105.087,60.000,115.720,159.836
45,25.444,77.218,60.812,90.140,32.862
46,27.811,97.493,62.947,124.332,35.884
47,24.260,79.990,61.587,101.003,31.009
48,20.118,93.943,77.592,108.670,25.605
49,119.527,110.243,97.228,120.775,155.084
50,23.077,75.649,60.203,100.333,29.443
51,68.639,96.846,84.575,114.333,88.517
52,24.260,85.142,66.000,96.671,31.009
53,31.953,97.418,74.392,115.559,41.414
54,24.852,98.126,89.985,108.126,31.679
55,43.195,116.685,90.453,132.577,56.038
56,18.343,85.585,69.333,106.407,23.433
57,29.586,108.005,96.432,113.787,38.290
58,23.669,95.025,71.223,106.907,30.010
59,45.562,110.353,70.667,118.724,59.055
60,23.669,81.491,58.230,100.656,30.246
61,86.982,105.170,50.288,129.910,113.019
62,309.467,212.084,2.128,255.000,401.545
63,25.444,99.440,74.333,129.134,32.889
64,25.444,98.654,74.333,126.823,32.753
65,78.698,123.467,75.659,133.745,102.324
66,23.077,108.091,90.920,124.749,29.483
67,56.213,124.454,110.161,145.443,72.774
68,21.893,111.080,105.299,119.102,27.863
69,23.077,126.184,110.614,139.333,29.391
70,22.485,102.833,86.889,119.272,28.503
71,130.178,125.435,111.040,136.959,168.652
72,22.485,106.067,83.110,126.848,28.956
73,55.030,125.338,83.667,137.246,71.406
74,22.485,99.026,67.746,124.063,28.956
75,103.550,119.146,86.729,134.667,134.776
76,21.302,104.884,90.000,122.842,27.617
77,48.521,120.804,90.982,132.008,62.503
78,20.118,110.495,91.333,118.285,25.570
79,86.982,129.819,39.599,254.667,112.883
80,24.852,99.913,90.698,124.946,31.716
81,61.538,123.552,97.562,130.484,79.623
82,21.893,122.183,97.192,145.405,28.305
83,149.112,131.724,95.295,145.138,193.290
84,26.627,93.078,77.287,114.667,34.272
85,26.036,93.375,75.103,117.409,33.184
86,62.130,122.396,94.536,145.000,80.101
87,21.302,109.321,87.742,133.426,27.098
88,105.325,114.028,74.165,132.215,137.204
89,21.893,91.764,75.918,112.168,28.221
90,56.805,122.801,96.087,131.766,73.465
91,25.444,114.705,94.826,137.401,32.681
92,108.284,127.257,113.185,145.117,140.227
93,24.852,100.943,77.182,122.022,31.679
94,69.231,126.719,88.667,145.679,89.660
95,21.302,99.228,79.428,118.935,27.521
96,71.006,125.861,118.600,133.009,92.218
97,22.485,92.272,74.667,125.333,28.462
98,65.089,123.295,75.471,144.250,84.916
99,21.893,100.834,85.271,122.568,28.378
100,84.024,129.005,108.201,139.440,108.931
101,21.893,111.985,90.270,122.053,28.368
102,114.793,132.887,108.135,143.807,148.657
103,20.118,96.023,73.233,103.195,25.396
104,104.142,129.140,103.249,141.433,135.540
105,19.527,82.566,59.667,103.667,24.615
106,310.651,254.341,0.333,255.000,403.077
107,196.450,86.893,68.367,106.510,255.074
108,19.527,101.485,72.823,131.846,24.627
109,209.467,98.281,72.440,105.160,272.134
110,19.527,79.319,71.870,88.845,25.197
111,45.562,86.020,69.462,97.667,58.710
112,18.935,87.448,69.490,117.124,24.543
113,105.325,97.086,82.165,106.695,136.404
114,16.568,95.837,69.280,117.652,21.220
115,203.550,102.521,72.706,114.141,264.133
116,19.527,97.455,74.000,131.000,24.615
117,157.988,100.883,86.755,110.821,205.275
118,17.751,84.493,69.295,91.244,22.321
119,156.805,92.817,63.767,99.431,203.877
120,17.160,92.405,66.176,116.850,22.041
121,149.704,92.049,72.991,104.064,194.165
122,20.118,77.310,67.584,89.045,25.847
123,42.012,87.563,74.000,98.625,54.491
124,15.385,80.018,56.000,89.316,19.292
125,6.509,77.061,57.000,101.667,7.692
126,18.935,80.033,63.593,96.175,23.896
127,63.314,99.450,83.519,118.360,81.711
128,18.343,90.661,65.178,101.803,23.395
129,127.811,99.794,81.231,113.018,166.026
130,16.568,97.441,65.333,114.394,21.387
131,185.207,104.129,58.616,122.124,240.232
132,20.118,85.598,74.000,100.923,25.478
133,33.136,92.392,66.893,102.889,43.146
134,17.160,90.825,68.816,102.867,21.771
135,166.272,105.130,84.667,111.133,215.617
136,19.527,98.727,88.667,108.000,24.615
137,20.118,105.345,87.887,118.044,25.617
138,17.751,96.068,87.608,103.495,22.637
139,175.148,109.519,89.000,123.351,227.331
140,15.976,100.020,82.252,116.879,20.641
141,202.367,110.097,78.122,121.011,262.510
142,19.527,101.545,75.333,118.333,24.615
143,154.438,103.702,48.017,114.562,200.628
144,17.751,98.934,67.745,115.660,22.871
145,160.355,118.892,6.344,255.000,208.206
146,12.426,80.677,58.355,112.333,15.480
147,255.621,128.966,87.427,142.626,332.312
148,13.018,113.674,84.667,133.766,16.570
149,354.438,119.347,93.278,129.960,460.749
150,13.018,111.044,103.040,120.063,16.227
151,59.172,117.172,98.430,132.333,76.443
152,17.751,95.010,79.046,104.191,22.321
153,162.130,122.472,97.357,133.130,210.197
154,18.935,111.755,80.039,137.186,23.896
155,162.130,115.227,90.917,129.988,210.283
156,15.976,100.271,84.594,125.667,20.000
157,71.598,108.709,97.448,120.333,93.104
158,20.118,96.474,84.974,109.233,25.801
159,31.361,110.504,91.306,117.483,40.695
160,15.976,117.341,87.333,133.933,20.000
161,314.201,117.070,61.081,135.511,408.323
162,17.751,107.530,86.000,126.384,22.519
163,228.994,115.262,84.412,129.667,297.396
164,15.976,119.994,70.667,142.767,20.059
165,297.041,115.848,54.575,133.813,385.634
166,19.527,79.953,59.394,106.982,25.044
167,77.515,98.683,71.242,114.448,100.540
168,19.527,100.672,66.000,112.574,25.233
169,9.467,108.648,102.206,117.000,11.742
170,15.385,64.985,56.583,78.879,19.581
171,72.781,99.748,66.443,118.260,95.236
172,20.710,93.718,63.880,109.782,26.199
173,96.450,102.982,69.288,115.393,124.828
174,17.160,96.872,77.415,113.391,22.148
175,78.698,111.905,63.999,123.487,102.180
176,20.118,94.649,59.365,118.884,25.617
177,97.041,102.975,63.436,114.490,126.074
178,18.935,69.085,48.975,85.206,24.434
179,131.361,113.836,89.256,121.000,170.440
180,18.935,84.267,66.774,100.342,23.859
181,80.473,114.106,92.095,124.590,104.248
182,17.160,93.032,79.418,108.284,21.784
183,97.041,111.017,77.952,124.761,125.637
184,17.751,95.411,70.365,113.770,22.519
185,120.710,118.021,100.841,127.451,156.716
186,17.751,106.283,85.333,130.685,22.728
187,153.846,111.835,97.889,123.759,199.580
188,19.527,91.244,77.650,102.244,24.831
189,104.734,106.862,98.000,114.517,135.893
190,18.343,99.022,76.667,111.100,23.395
191,137.278,104.130,62.797,117.830,178.262
192,20.710,96.558,85.748,118.333,26.435
193,55.621,108.213,98.357,123.607,71.912
194,19.527,97.108,90.617,106.541,25.044
195,14.793,104.806,91.333,109.719,18.494
196,19.527,97.520,88.117,112.701,24.807
197,29.586,102.755,85.039,109.664,38.191
198,18.343,90.363,63.901,102.857,23.192
199,52.071,101.971,88.667,107.214,67.123
200,20.710,98.418,86.962,105.600,26.199
201,140.828,114.377,3.982,254.960,183.033
202,19.527,89.933,81.827,104.123,24.663
203,36.686,104.035,96.534,109.667,47.405
204,23.077,91.139,79.040,104.307,29.241
205,86.982,115.034,26.560,255.000,112.793
206,21.302,98.969,59.865,113.295,27.098
207,82.840,114.239,92.737,130.000,107.171
208,310.059,211.648,0.667,255.000,402.314
209,21.893,113.380,82.086,143.732,27.735
210,148.521,118.556,93.640,127.091,192.956
211,20.710,87.498,78.681,98.333,26.558
212,103.550,105.200,69.869,127.000,134.649
213,23.077,104.389,84.000,128.197,29.872
214,159.172,116.623,79.521,127.618,206.524
215,18.343,46.566,35.071,73.000,23.128
216,24.260,93.815,73.609,127.333,31.295
217,20.118,104.354,91.355,118.837,25.949
218,110.059,117.651,30.905,126.983,142.529
219,20.118,94.396,77.167,107.095,25.478
220,95.858,114.237,66.743,120.239,123.883
221,21.893,89.937,77.000,126.333,27.692
222,75.740,117.595,99.000,126.689,98.698
223,23.077,86.030,73.870,98.667,29.443
224,105.325,113.162,94.333,127.009,136.845
225,21.302,99.603,87.118,107.617,27.575
226,44.970,113.698,93.902,139.667,58.630
227,23.077,85.499,67.935,100.391,29.392
228,5.325,88.953,73.667,99.552,6.202
229,20.710,95.645,69.333,104.108,26.312
230,19.527,93.112,65.730,125.277,25.122
231,20.710,98.189,87.684,112.405,26.702
232,18.343,106.677,89.888,132.236,23.897
233,12.426,85.156,57.944,100.055,15.689
234,19.527,66.893,45.667,107.383,24.844
235,23.077,100.692,80.333,112.333,29.231
236,6.509,104.121,94.667,108.000,7.692
237,22.485,98.928,93.120,104.000,28.741
238,6.509,97.992,85.000,104.231,8.321
239,20.710,94.790,72.697,111.667,26.165
240,5.325,102.496,96.616,111.667,6.572
241,20.710,98.634,87.098,105.050,26.702
242,9.467,99.661,90.077,106.727,12.004
243,17.160,77.097,60.000,85.062,21.757
244,7.692,89.229,66.708,108.311,9.730
245,20.710,102.686,95.241,109.279,26.289
246,7.692,102.676,89.307,112.192,9.263
247,23.077,98.691,77.392,126.958,29.872
248,123.077,119.513,95.576,127.323,159.794
249,25.444,92.687,66.113,122.645,32.645
250,310.059,253.964,0.001,255.000,402.311
251,73.964,118.310,73.333,139.127,95.723
252,23.077,106.060,95.775,128.172,29.392
253,40.237,119.507,98.609,128.076,51.758
254,25.444,97.579,83.864,123.904,32.353
255,88.757,118.414,103.550,129.694,115.255
256,21.302,94.808,79.413,119.488,27.196
257,79.882,115.607,82.108,128.579,103.803
258,20.118,95.116,74.288,109.163,25.570
259,67.456,101.011,62.302,125.008,87.117
260,24.852,85.098,66.030,124.333,32.133
261,52.071,124.873,102.667,135.107,67.242
262,21.302,82.087,54.895,97.897,27.575
263,111.243,119.731,68.395,132.642,144.286
264,21.302,102.694,87.667,118.333,26.923
265,125.444,118.748,63.880,132.590,162.538
266,20.118,71.526,50.828,94.097,26.120
267,43.195,104.906,78.667,127.532,56.001
268,20.118,97.181,73.667,109.952,26.131
269,83.432,127.117,75.129,139.821,107.974
270,20.118,102.961,85.932,119.029,25.396
271,125.444,125.193,105.465,134.079,163.087
272,21.893,91.471,73.537,111.227,28.368
273,51.479,127.858,72.127,150.333,66.501
274,26.036,91.918,75.501,116.741,33.397
275,86.391,124.025,84.697,133.589,112.422
276,22.485,98.372,84.667,115.477,28.833
277,88.757,132.413,62.667,157.451,114.669
278,21.893,89.503,60.197,109.818,28.242
279,62.722,92.837,60.915,133.011,81.634
280,24.260,100.907,86.886,113.887,31.113
281,24.260,120.370,104.693,128.933,31.393
282,20.710,105.958,97.998,114.521,26.199
283,55.030,129.621,89.210,139.566,71.228
284,23.077,93.683,75.333,108.974,29.443
285,86.982,122.074,91.789,132.089,113.144
286,20.710,113.511,93.667,127.679,26.868
287,97.633,123.956,79.774,154.793,126.256
288,20.710,101.890,88.196,109.920,26.758
289,89.941,120.638,96.667,129.643,116.638
290,24.260,92.947,75.031,113.667,30.961
291,142.012,116.923,65.891,139.008,184.468
292,20.710,92.126,78.053,108.227,26.199
293,111.834,119.335,99.547,133.155,144.714
294,27.219,78.418,61.837,110.483,34.811
295,84.615,115.171,66.301,125.450,109.346
296,24.260,98.486,74.000,113.373,30.769
297,103.550,123.902,111.333,141.577,134.235
298,23.077,104.174,90.167,121.528,29.322
299,110.059,123.858,116.000,131.285,142.486
300,22.485,92.604,78.456,107.006,28.627
301,117.751,115.418,65.361,135.797,153.069
302,21.302,121.965,15.713,254.731,27.617
303,98.817,134.606,3.569,255.000,129.554
304,22.485,93.371,74.131,105.453,28.720
305,95.858,124.927,99.333,131.602,124.182
306,20.118,104.230,79.966,115.550,26.029
307,126.036,123.396,90.099,131.067,163.393
308,19.527,116.270,89.968,135.810,24.855
309,172.781,132.847,103.452,149.690,224.288
310,18.343,107.810,88.886,137.691,23.597
311,463.905,133.050,65.469,149.596,602.540
312,13.018,77.283,59.870,102.000,16.354
313,5.917,108.399,87.000,122.717,7.092
314,17.160,121.817,80.259,151.813,21.771
315,320.710,140.104,115.333,149.663,416.407
316,19.527,122.238,71.165,150.665,25.197
317,271.006,127.369,73.479,150.485,351.747
318,17.751,97.352,80.171,120.211,22.871
319,266.272,129.474,95.000,140.516,345.772
320,18.343,123.353,102.093,134.873,23.446
321,221.302,133.219,102.037,146.573,287.237
322,18.935,105.371,90.000,128.693,23.958
323,228.402,129.620,94.073,141.207,296.362
324,20.118,115.498,104.287,123.369,25.489
325,40.237,130.880,102.581,145.210,51.725
326,15.976,116.812,79.619,134.127,20.308
327,332.544,136.435,2.821,255.000,432.400
328,19.527,96.939,72.667,124.667,24.615
329,194.675,99.049,72.262,112.927,252.932
330,21.302,81.835,70.916,100.066,27.098
331,26.627,94.192,71.667,103.333,34.253
332,18.935,102.765,81.307,117.199,24.531
333,232.544,107.829,83.417,120.406,301.607
334,18.343,96.931,67.000,119.691,23.433
335,233.136,98.163,64.167,116.724,302.835
336,21.302,77.678,66.794,88.678,27.316
337,21.893,90.270,81.910,100.170,28.359
338,19.527,80.794,71.375,95.942,25.115
339,46.746,90.302,69.965,101.399,60.102
340,20.118,97.160,86.242,105.433,25.570
341,173.373,103.008,66.387,113.794,226.819
342,20.710,85.195,67.114,98.398,26.154
343,92.899,100.783,66.786,118.476,120.653
344,17.751,96.622,84.543,105.684,22.624
345,171.598,103.341,68.030,113.994,222.394
346,17.160,129.888,4.266,255.000,21.593
347,300.000,104.318,28.175,254.999,389.435
348,16.568,116.134,99.950,132.071,20.783
349,242.012,115.958,84.322,126.326,314.691
350,15.385,79.993,63.300,91.954,19.702
351,62.722,98.147,62.667,118.381,81.951
352,15.385,130.613,97.667,153.426,19.415
353,300.592,118.128,70.242,133.336,390.435
354,15.385,103.763,81.249,120.540,19.460
355,420.118,119.369,73.613,140.698,545.837
356,14.793,114.172,89.333,134.059,18.605
357,32.544,100.386,65.777,138.951,42.553
358,14.793,77.631,60.119,92.618,19.045
359,129.586,106.601,59.854,129.138,167.979
360,14.201,123.311,92.000,141.870,18.024
361,286.391,117.439,64.709,135.640,371.696
362,14.793,127.270,86.333,141.342,18.621
363,628.994,120.349,75.094,135.808,817.091
364,15.385,103.059,85.852,116.144,19.292
365,316.568,119.566,76.961,135.155,411.075
366,18.935,80.612,63.912,96.304,24.081
367,104.142,108.808,72.241,123.508,135.086
368,17.751,67.702,50.411,106.096,22.871
369,188.166,118.213,62.242,131.773,244.311
370,19.527,101.843,88.333,115.682,24.663
371,52.663,118.259,84.280,126.667,67.858
372,19.527,102.366,89.978,113.675,24.771
373,13.018,112.361,108.000,123.861,16.800
374,18.935,103.594,70.976,133.998,23.883
375,268.047,120.193,57.874,141.373,348.187
376,20.118,99.153,84.801,116.132,25.466
377,78.107,120.872,108.840,131.581,101.548
378,17.751,75.596,51.203,102.321,22.728
379,98.817,125.198,83.333,135.570,128.427
380,17.160,113.971,97.271,129.505,22.188
381,144.970,115.962,65.395,133.299,188.469
382,16.568,109.318,96.786,119.723,21.220
383,69.231,120.842,90.368,131.730,89.813
384,18.935,103.813,97.113,118.187,24.447
385,27.811,116.673,108.667,141.525,35.767
386,15.976,118.979,96.333,133.118,20.235
387,143.195,118.676,69.050,136.926,186.061
388,18.935,106.069,83.314,122.667,24.325
389,349.704,122.720,80.443,138.015,454.488
390,17.751,105.247,91.203,118.400,22.948
391,30.178,118.364,99.667,129.063,38.782
392,17.751,103.161,88.680,121.542,22.871
393,184.615,124.394,97.555,135.878,239.605
394,17.160,104.574,77.000,125.267,21.893
395,111.834,113.196,77.700,136.222,145.390
396,19.527,111.242,99.333,121.631,24.807
397,36.686,123.094,100.224,128.607,47.316
398,17.751,113.318,102.491,126.043,22.400
399,41.420,113.906,94.896,128.973,53.845
400,17.751,101.669,83.000,112.979,22.948
401,23.077,123.684,115.667,136.458,29.253
402,19.527,105.550,95.383,116.020,24.771
403,81.657,116.533,66.980,136.240,105.762
404,20.710,111.070,98.152,123.000,26.469
405,20.710,120.920,85.123,133.687,26.491
406,14.793,120.240,94.822,132.274,18.999
407,413.609,118.446,14.584,255.000,537.122
408,289.349,120.333,17.186,255.000,375.902
409,279.882,120.986,4.463,255.000,363.370
410,271.598,123.703,2.549,255.000,352.668
411,22.485,83.043,71.113,92.327,29.190
412,108.876,111.485,87.290,120.641,140.821
413,21.302,98.886,84.279,111.942,27.316
414,136.686,114.753,94.333,122.281,177.520
415,138.462,114.976,98.667,124.312,180.022
416,24.260,88.569,78.000,112.000,30.769
417,86.982,109.594,88.973,120.944,112.815
418,23.669,102.355,85.661,108.803,30.157
419,19.527,92.295,60.821,120.651,24.775
420,24.260,88.068,75.389,104.710,31.397
421,59.763,114.802,98.556,126.162,78.079
422,17.160,102.546,90.667,112.337,22.201
423,115.976,121.047,82.000,127.386,150.220
424,20.710,91.111,80.071,101.878,26.334
425,147.337,112.333,84.770,120.163,191.536
426,18.935,97.063,86.667,106.249,24.081
427,10.059,102.604,87.063,117.322,12.522
428,309.467,190.938,0.977,255.000,401.541
429,21.893,85.568,77.857,92.176,28.221
430,131.361,113.592,82.000,133.206,170.529
431,22.485,89.453,79.333,99.989,28.462
432,58.580,117.698,75.651,125.543,76.021
433,20.118,114.883,84.534,125.226,25.570
434,25.444,111.925,84.792,133.608,32.581
435,16.568,106.203,89.000,115.839,20.897
436,9.467,108.798,86.341,131.971,11.564
437,23.669,111.427,76.000,128.772,30.654
438,34.911,128.822,89.641,144.164,45.099
439,21.302,106.651,71.667,123.221,27.456
440,26.036,120.143,71.000,133.920,33.268
441,23.077,112.370,103.000,122.202,29.723
442,25.444,125.601,106.364,134.515,32.448
443,23.077,99.505,84.742,116.461,29.603
444,44.970,120.093,76.667,134.647,58.107
445,23.077,112.594,83.237,121.969,29.291
446,20.710,123.279,99.654,132.829,26.782
447,21.893,94.298,67.590,115.667,28.000
448,34.911,135.491,106.000,144.633,45.044
449,20.710,115.949,109.000,119.668,26.702
450,33.136,138.428,19.689,254.980,43.107
451,24.260,105.851,95.063,127.333,31.237
452,34.911,128.661,103.967,141.918,44.900
453,19.527,95.325,79.302,112.965,24.855
454,43.195,112.727,84.077,123.585,55.494
455,22.485,97.861,72.000,117.836,28.627
456,137.870,115.630,57.666,125.601,178.869
457,20.710,104.899,76.695,126.438,26.835
458,145.562,121.115,68.094,134.333,189.174
459,21.893,83.359,63.071,106.687,27.735
460,108.876,115.375,66.721,134.252,140.969
461,24.852,93.064,70.333,112.210,32.216
462,26.036,106.578,69.000,116.992,33.261
463,23.669,87.010,73.333,105.503,30.089
464,89.941,114.434,103.176,126.640,116.882
465,26.036,96.192,73.164,123.737,33.113
466,80.473,110.909,70.000,122.098,104.375
467,24.852,97.148,85.077,108.804,31.576
468,37.278,115.306,95.080,123.005,48.811
469,20.118,103.217,96.648,112.386,26.029
470,75.148,113.943,77.017,122.006,97.490
471,23.669,94.593,77.764,106.502,30.039
472,121.302,114.043,86.777,121.633,157.232
473,24.852,81.463,65.175,109.793,31.623
474,8.876,95.002,70.000,102.352,11.014
475,20.118,83.605,66.329,96.341,26.109
476,115.385,103.768,70.333,129.236,149.607
477,20.710,75.062,62.744,86.618,26.312
478,98.225,105.196,91.780,121.667,127.230
479,22.485,81.150,63.456,109.435,28.627
480,98.817,105.872,64.000,113.930,128.065
481,22.485,83.880,52.613,96.629,28.997
482,74.556,104.811,88.000,109.925,96.494
483,25.444,90.637,77.447,103.000,32.708
484,26.036,104.794,94.183,111.195,33.142
485,24.260,85.367,74.274,101.128,31.009
486,78.107,109.169,95.409,121.836,101.687
487,20.118,86.519,67.667,98.359,25.617
488,128.994,108.954,67.333,120.548,167.725
489,21.893,94.960,83.000,110.413,28.242
490,106.509,112.662,87.000,126.861,138.212
491,21.893,87.484,80.407,97.964,27.799
492,47.337,107.948,82.333,117.110,60.983
493,23.669,93.315,79.482,103.494,30.304
494,136.095,116.592,95.401,124.737,176.264
495,21.893,81.993,60.998,99.461,27.735
496,84.024,115.105,78.632,126.890,109.557
497,26.036,94.472,78.320,110.829,33.282
498,30.178,112.610,93.412,135.782,38.562
499,20.710,107.691,73.369,133.330,26.165
500,124.852,122.438,74.715,134.483,161.925
501,24.260,87.236,74.667,107.000,30.769
502,69.231,116.620,86.919,124.711,89.607
503,26.627,97.839,59.469,117.177,33.855
504,25.444,99.079,63.211,117.605,33.041
505,28.402,88.220,65.667,110.817,36.499
506,22.485,101.210,87.705,118.461,28.462
507,156.213,119.809,98.862,126.926,203.045
508,23.077,99.348,85.895,108.378,29.392
509,102.959,115.433,73.088,139.589,133.855
510,23.669,79.082,45.234,100.741,30.167
511,21.302,104.265,84.192,120.023,27.617
512,21.302,95.922,84.106,108.773,27.542
513,135.503,117.497,95.095,127.486,176.061
514,15.976,87.325,78.000,101.967,20.235
515,44.970,101.248,94.695,109.342,57.963
516,15.385,103.196,73.041,114.492,19.612
517,189.941,98.732,59.031,112.871,246.679
518,17.751,94.053,69.028,106.005,22.871
519,189.941,102.870,91.333,113.506,246.833
520,16.568,108.209,80.667,123.820,20.996
521,326.036,108.769,71.667,123.435,423.312
522,15.385,110.183,86.618,128.503,19.702
523,163.905,104.865,68.916,126.284,213.103
524,16.568,94.505,79.672,103.242,21.428
525,144.970,95.997,58.581,114.797,188.353
526,15.385,90.112,76.798,97.196,19.475
527,184.615,102.673,81.469,117.335,239.764
528,17.160,93.448,70.333,109.000,21.538
529,224.852,104.510,55.512,127.033,291.931
530,17.160,76.751,63.731,96.667,22.001
531,162.130,103.089,75.000,125.899,210.649
532,18.343,92.763,80.333,107.000,23.077
533,135.503,105.809,64.747,128.734,175.853
534,16.568,117.344,81.004,145.595,20.783
535,351.479,130.342,71.449,145.504,456.664
536,18.343,109.984,77.211,147.815,23.141
537,110.059,115.572,73.409,144.043,143.240
538,15.976,122.696,99.524,141.468,20.641
539,150.296,121.586,109.243,138.168,194.737
540,18.343,115.685,72.947,133.707,23.077
541,223.669,125.576,77.929,134.600,290.127
542,16.568,122.230,87.686,148.354,20.826
543,140.828,123.334,99.259,145.779,182.866
544,16.568,130.184,98.089,152.289,21.220
545,146.154,128.636,85.000,143.726,189.270
546,17.160,113.551,90.850,130.188,22.041
547,171.598,120.256,87.608,136.319,222.561
548,16.568,105.946,92.653,120.626,21.122
549,127.811,131.342,21.657,254.755,166.253
550,18.935,119.417,91.265,139.211,24.434
551,144.379,121.757,18.674,254.526,187.285
552,16.568,113.590,99.333,129.911,20.996
553,65.680,123.767,23.901,254.333,85.393
554,17.751,80.649,71.961,100.333,22.400
555,122.485,107.732,89.573,127.471,158.816
556,14.793,96.107,75.333,109.000,18.462
557,352.663,106.169,70.905,127.640,458.393
558,16.568,108.411,81.667,128.962,20.897
559,188.757,102.794,75.139,114.089,245.366
560,15.385,110.737,81.635,129.068,19.460
561,286.391,112.540,88.153,122.683,372.190
562,15.976,106.032,76.667,135.090,20.235
563,295.266,107.229,73.306,123.119,383.273
564,18.935,90.260,76.487,104.558,24.483
565,31.361,106.721,75.000,122.994,40.361
566,15.976,82.820,54.014,103.374,20.308
567,396.450,104.038,43.034,127.201,515.016
568,16.568,105.513,75.159,128.399,20.996
569,471.006,115.886,66.767,255.000,612.008
570,20.710,88.670,71.414,107.769,26.791
571,188.757,110.602,71.000,122.467,245.224
572,17.751,105.930,79.589,123.944,22.948
573,307.692,109.356,5.418,254.772,399.997
574,15.385,92.103,77.406,111.709,19.970
575,112.426,111.307,102.780,119.676,146.043
576,17.160,96.782,73.333,108.667,21.538
577,88.757,118.904,94.667,138.798,115.328
578,18.935,94.308,86.667,102.491,24.154
579,73.373,111.232,76.583,124.240,95.446
580,19.527,96.110,80.213,111.494,24.627
581,89.349,116.181,101.438,133.537,115.678
582,17.751,100.005,90.973,114.840,22.637
583,59.172,112.423,77.351,125.198,76.264
584,20.118,92.844,79.732,116.000,26.109
585,81.657,117.949,108.104,126.663,106.045
586,17.751,100.355,84.161,114.035,22.871
587,152.663,114.100,96.333,128.729,198.212
588,18.343,100.993,90.667,114.667,23.077
589,66.272,113.385,103.953,124.273,85.497
590,15.385,95.272,82.050,114.767,19.292
591,168.047,115.584,105.839,129.430,217.784
592,18.343,94.562,75.769,109.468,23.433
593,86.391,112.235,94.333,121.082,112.447
594,13.018,127.013,90.088,139.975,16.871
595,517.160,125.658,67.216,136.700,671.834
596,13.018,126.779,99.000,141.734,16.871
597,324.852,124.517,66.282,141.000,422.363
598,17.751,104.813,86.011,125.379,22.624
599,192.308,116.547,72.384,130.523,249.254
600,17.751,100.896,91.384,118.101,22.624
601,93.491,112.436,83.394,120.057,121.364
602,14.793,119.109,84.667,140.919,19.030
603,378.107,117.577,58.019,134.515,491.268
604,15.385,111.049,91.772,128.519,19.415
605,198.225,120.681,77.848,131.369,257.439
606,17.160,92.834,69.740,111.767,22.201
607,97.633,106.852,81.056,119.609,126.545
608,14.201,105.127,90.333,118.733,17.759
609,488.757,124.648,11.901,255.000,635.395
610,18.343,103.161,94.667,113.000,23.077
611,103.550,117.752,92.324,126.321,134.186
612,17.751,107.113,84.459,134.111,22.519
613,156.213,121.446,90.871,143.919,202.939
614,21.893,87.548,61.002,105.274,27.735
615,137.278,110.376,63.400,119.400,178.171
616,21.302,88.060,66.000,101.895,27.055
617,77.515,100.859,51.049,125.547,100.510
618,20.118,83.404,55.842,95.370,25.801
619,88.757,109.076,66.667,129.747,114.965
620,22.485,87.135,58.871,100.508,28.555
621,37.870,110.177,90.333,123.501,49.153
622,19.527,88.579,40.606,110.005,25.056
623,140.237,97.702,41.153,123.104,181.762
624,23.077,91.463,83.019,100.074,29.921
625,110.059,104.483,36.851,118.106,142.475
626,20.710,74.544,58.110,95.022,26.334
627,104.734,111.125,89.000,122.566,136.064
628,20.118,87.669,73.921,102.994,26.120
629,149.112,115.918,93.354,124.382,193.883
630,23.077,83.799,68.579,95.175,29.291
631,75.148,115.121,103.809,121.086,97.126
632,21.893,79.063,66.766,92.000,28.169
633,115.976,114.641,46.657,255.000,150.560
634,20.710,104.935,84.060,117.839,26.255
635,17.160,115.241,98.509,135.426,22.027
636,25.444,96.040,84.794,110.760,32.654
637,28.994,109.898,94.333,118.318,37.612
638,23.669,97.978,87.681,110.221,30.460
639,30.769,116.269,110.107,124.278,39.539
640,25.444,98.569,82.260,112.626,32.708
641,31.361,110.248,89.118,124.547,40.548
642,22.485,106.029,89.667,116.452,28.503
643,37.278,119.329,94.000,127.516,48.418
644,18.935,96.281,83.705,112.865,24.044
645,5.325,89.667,66.333,120.000,6.154
646,22.485,103.164,63.450,115.335,28.915
647,34.320,123.333,105.165,134.446,44.341
648,21.893,106.487,94.931,116.522,27.735
649,8.876,157.974,45.703,254.808,11.456
650,21.893,94.758,86.794,118.667,27.746
651,27.811,110.133,72.123,120.704,36.012
652,20.710,90.757,56.690,105.862,26.912
653,28.402,109.735,83.667,120.000,36.402
654,21.302,100.187,80.013,121.821,26.967
655,130.178,129.901,84.493,141.782,168.612
656,23.077,90.425,76.584,110.057,29.322
657,47.337,120.937,96.296,130.740,61.430
658,21.302,100.262,89.204,114.341,27.489
659,81.657,120.695,80.652,133.750,105.639
660,24.852,95.776,78.375,111.141,31.716
661,34.320,119.387,92.333,131.569,44.004
662,19.527,106.486,95.661,116.021,25.197
663,44.970,116.669,96.400,151.597,57.982
664,20.710,109.990,82.785,135.541,26.658
665,128.402,127.171,105.592,139.525,166.365
666,24.260,106.705,82.263,126.525,31.388
667,111.834,106.115,48.575,138.436,145.327
668,21.302,94.702,80.645,101.894,27.316
669,65.089,128.962,106.570,142.467,84.096
670,24.260,113.946,100.333,121.933,30.769
671,15.976,123.377,108.855,141.355,20.564
672,21.302,101.411,86.667,109.684,27.489
673,37.278,104.966,48.333,136.517,48.282
674,20.710,95.847,82.377,114.069,26.658
675,171.006,116.985,106.333,126.165,221.580
676,21.893,85.347,76.786,94.545,28.000
677,58.580,112.198,78.209,120.981,76.171
678,21.302,96.294,62.753,111.919,26.934
679,126.627,113.873,74.202,121.955,164.501
680,22.485,63.296,47.556,99.000,28.915
681,118.343,116.549,94.667,128.382,153.291
682,20.118,86.243,65.208,97.651,26.120
683,37.870,88.249,45.667,110.467,48.943
684,21.893,104.847,94.333,114.000,27.692
685,20.118,104.980,97.249,115.771,25.728
686,22.485,94.444,78.410,104.201,28.874
687,31.361,102.145,84.000,122.318,41.837
688,20.710,103.877,92.840,110.793,26.525
689,43.787,129.882,8.319,254.738,56.914
690,23.077,93.020,80.441,105.098,29.603
691,39.053,112.133,74.794,124.836,50.919
692,13.609,65.152,53.132,93.000,17.575
693,132.544,122.880,10.513,255.000,171.698
694,23.077,87.824,75.909,100.846,29.241
695,120.118,116.029,92.667,140.298,155.749
696,19.527,97.693,80.000,114.812,25.197
697,128.994,117.994,94.333,127.964,167.320
698,19.527,92.089,69.842,109.188,24.627
699,133.728,118.835,107.344,131.079,173.478
700,24.852,93.087,77.650,114.132,31.772
701,28.994,114.353,103.000,130.000,37.692
702,23.077,85.293,77.261,102.667,29.961
703,130.769,114.203,73.600,135.590,170.567
704,19.527,93.737,71.000,110.333,24.615
705,59.172,124.748,76.000,135.887,76.559
706,20.118,85.425,69.067,97.988,25.801
707,126.036,111.678,75.486,128.116,163.415
708,24.852,93.302,83.737,99.051,31.623
709,60.355,122.644,85.667,131.622,77.754
710,20.710,90.736,79.774,104.050,26.525
711,118.935,114.708,89.333,120.766,154.102
712,18.935,94.916,78.745,113.437,24.434
713,146.746,118.008,98.001,127.557,190.782
714,18.935,101.166,86.515,112.747,24.044
715,95.858,112.578,60.711,153.844,124.561
716,17.751,100.086,77.888,122.458,22.715
717,71.598,113.225,92.667,128.947,93.607
718,15.385,118.381,90.000,141.002,19.460
719,311.243,121.589,58.470,148.817,404.482
720,17.160,121.291,67.667,143.005,21.552
721,320.118,126.412,68.294,143.874,415.559
722,15.385,128.061,102.489,150.803,19.612
723,252.071,120.455,76.716,130.706,327.116
724,14.793,117.820,98.527,136.069,19.107
725,195.858,117.632,84.655,130.529,254.014
726,16.568,108.073,81.512,121.617,20.897
727,88.757,119.423,111.106,125.230,115.345
728,20.710,106.287,78.155,129.473,26.255
729,97.633,119.705,106.000,126.660,126.390
730,16.568,100.500,77.000,128.000,20.769
731,228.402,118.636,66.311,136.500,296.600
732,20.710,112.732,86.229,136.399,26.255
733,160.947,118.283,106.980,126.582,208.864
734,13.018,95.513,58.000,106.487,16.888
735,43.195,107.952,61.333,123.375,55.477
736,17.751,111.441,90.210,129.870,22.728
737,75.740,121.944,100.000,144.244,98.206
738,17.751,98.265,86.321,107.098,22.427
739,53.254,117.721,98.882,124.057,68.899
740,13.018,114.587,91.056,127.563,16.570
741,137.870,116.287,57.479,144.126,178.679
742,17.751,102.755,91.336,117.461,22.427
743,107.692,117.597,91.178,131.666,139.583
744,16.568,92.968,57.530,114.374,21.276
745,95.266,117.614,84.859,131.993,123.634
746,14.201,102.464,88.000,112.913,18.284
747,133.136,118.471,98.667,130.647,172.403
748,15.976,112.399,66.269,133.538,20.308
749,97.041,119.204,63.796,134.555,125.636
750,13.609,79.198,67.546,101.483,16.941
751,75.740,113.859,77.213,132.480,97.995
752,14.201,119.792,56.333,152.333,17.692
753,126.627,105.345,51.018,132.171,164.669
754,15.976,123.543,87.604,140.695,20.015
755,227.811,124.123,110.000,144.038,295.805
756,15.385,120.373,70.333,149.559,19.460
757,261.538,126.234,71.151,138.762,339.514
758,15.976,122.282,99.020,151.421,20.191
759,114.793,128.974,115.810,138.613,148.722
760,14.793,125.822,95.450,148.118,18.605
761,311.243,133.101,87.000,146.151,404.640
762,15.385,120.512,97.333,146.580,19.956
763,521.893,128.799,60.807,145.650,678.426
764,17.751,127.478,99.065,141.094,22.624
765,302.959,128.686,18.317,255.000,393.246
766,15.976,122.282,99.020,151.421,20.191
767,101.775,128.431,118.333,136.370,132.144
768,17.751,115.400,76.000,130.333,22.308
769,116.568,127.954,61.969,255.000,151.017
770,17.751,116.076,85.000,133.327,22.871
771,156.213,126.509,104.608,143.452,202.594
772,17.160,112.178,96.803,139.604,22.027
773,128.402,116.779,77.609,135.427,166.536
774,18.343,107.675,80.000,126.343,23.395
775,214.201,116.310,67.458,140.913,278.104
776,18.935,87.792,60.978,110.675,24.154
777,134.320,115.760,67.000,123.848,174.484
778,17.751,100.122,80.667,111.440,22.308
779,31.361,115.618,76.349,139.470,40.237
780,17.751,104.462,75.019,118.279,22.308
781,80.473,119.558,78.512,130.206,104.883
782,17.751,90.503,64.576,104.996,22.466
783,97.633,90.353,50.496,129.712,126.923
784,15.385,90.705,70.000,112.000,19.231
785,175.740,125.523,93.598,134.537,227.801
786,20.710,99.891,88.299,109.000,26.435
787,24.852,114.925,90.000,126.760,32.252
788,15.976,104.049,91.333,112.667,20.000
789,215.976,125.771,89.000,139.881,280.658
790,19.527,104.042,93.546,121.190,24.962
791,31.953,110.322,91.413,121.423,41.330
792,15.385,115.861,82.373,133.350,19.369
793,116.568,122.666,90.667,134.646,151.226
794,18.343,79.946,65.974,93.883,23.547
795,159.763,98.086,79.504,105.519,207.583
796,17.160,87.945,48.284,115.477,21.662
797,200.592,99.947,71.459,108.604,260.523
798,18.935,84.294,66.406,115.651,24.154
799,92.308,95.072,71.667,104.240,119.410
800,18.935,84.144,61.502,107.333,23.859
801,308.284,104.778,61.667,125.327,400.716
802,18.935,98.191,79.004,124.324,24.142
803,78.698,104.878,75.035,117.268,102.262
804,17.751,100.716,96.052,108.670,22.728
805,41.420,109.142,83.883,135.315,53.629
806,15.976,74.395,54.317,91.180,20.698
807,91.716,93.262,72.187,107.158,118.617
808,18.343,82.858,77.333,96.719,23.484
809,126.627,98.041,64.174,114.806,163.936
810,20.118,91.948,80.347,102.620,26.109
811,77.515,99.616,87.821,106.589,100.083
812,15.385,101.936,79.000,113.667,19.231
813,168.639,104.003,77.330,117.223,219.163
