Date,Species,PollenRecipient,PollenDonor,StartTime,EndTime,Style,StyleLength_um,LowPollen,PollenTubeLength_um
5_24_23,M82,8,17,1042,1650,3,5256.031,FALSE,3893.025
5_24_23,M82,8,17,1042,1650,3,5256.031,FALSE,4352.732
5_24_23,M82,8,17,1042,1650,3,5256.031,FALSE,4007.811
5_24_23,M82,8,17,1042,1650,3,5256.031,FALSE,3785.533
5_24_23,M82,8,17,1042,1650,3,5256.031,FALSE,3634.119
5_24_23,M82,8,17,1042,1648,2,4797.243,FALSE,3193.467
5_24_23,M82,8,17,1042,1648,2,4797.243,FALSE,2834.628
5_24_23,M82,8,17,1042,1648,2,4797.243,FALSE,2309.517
5_24_23,M82,8,17,1042,1648,2,4797.243,FALSE,2294.806
5_24_23,M82,8,17,1042,1648,2,4797.243,FALSE,2070.323
5_24_23,M82,8,17,1039,1647,1,4986.165,FALSE,3333.079
5_24_23,M82,8,17,1039,1647,1,4986.165,FALSE,2851.72
5_24_23,M82,8,17,1039,1647,1,4986.165,FALSE,2629.918
5_24_23,M82,8,17,1039,1647,1,4986.165,FALSE,2614.014
5_24_23,M82,8,17,1039,1647,1,4986.165,FALSE,2620.627
5_24_23,M82,8,13,1028,1645,2,5047.223,FALSE,2189.952
5_24_23,M82,8,13,1028,1645,2,5047.223,FALSE,2029.536
5_24_23,M82,8,13,1028,1645,2,5047.223,FALSE,1940.445
5_24_23,M82,8,13,1028,1645,2,5047.223,FALSE,1883.933
5_24_23,M82,8,13,1028,1645,2,5047.223,FALSE,1827.36
5_24_23,M82,8,13,1028,1643,1,5765.731,FALSE,2141.343
5_24_23,M82,8,13,1028,1643,1,5765.731,FALSE,2020.518
5_24_23,M82,8,13,1028,1643,1,5765.731,FALSE,1953.177
5_24_23,M82,8,13,1028,1643,1,5765.731,FALSE,1812.835
5_24_23,M82,8,13,1028,1643,1,5765.731,FALSE,1726.058
5_24_23,M82,8,9,1013,1639,1,4450.066,FALSE,2484.642
5_24_23,M82,8,9,1013,1639,1,4450.066,FALSE,2090.531
5_24_23,M82,8,9,1013,1639,1,4450.066,FALSE,2019.116
5_24_23,M82,8,9,1013,1639,1,4450.066,FALSE,2102.95
5_24_23,M82,8,9,1013,1639,1,4450.066,FALSE,1902.898
5_24_23,M82,4,17,1053,1655,1,4989.85,FALSE,3060.186
5_24_23,M82,4,17,1053,1655,1,4989.85,FALSE,2971.822
5_24_23,M82,4,17,1053,1655,1,4989.85,FALSE,2829.582
5_24_23,M82,4,17,1053,1655,1,4989.85,FALSE,2737.875
5_24_23,M82,4,17,1053,1655,1,4989.85,FALSE,2784.446
5_24_23,M82,3,17,1055,1659,1,4234.97,TRUE,1182.986
5_24_23,M82,3,17,1055,1659,1,4234.97,TRUE,1230.075
5_24_23,M82,3,17,1055,1659,1,4234.97,TRUE,940.443
5_24_23,M82,3,17,1055,1659,1,4234.97,TRUE,358.195
5_24_23,M82,3,17,1055,1659,1,4234.97,TRUE,185.959
5_24_23,M82,3,14,1046,1711,1,4401.336,FALSE,3330.283
5_24_23,M82,3,14,1046,1711,1,4401.336,FALSE,2990.991
5_24_23,M82,3,14,1046,1711,1,4401.336,FALSE,2902.233
5_24_23,M82,3,14,1046,1711,1,4401.336,FALSE,2973.268
5_24_23,M82,3,14,1046,1711,1,4401.336,FALSE,2625.627
5_24_23,M82,3,12,1052,1710,2,4269.375,TRUE,1676.411
5_24_23,M82,3,12,1052,1710,2,4269.375,TRUE,1584.719
5_24_23,M82,3,12,1052,1710,2,4269.375,TRUE,1081.851
5_24_23,M82,3,12,1052,1710,2,4269.375,TRUE,754.425
5_24_23,M82,3,12,1052,1710,2,4269.375,TRUE,680.851
5_24_23,M82,3,12,1052,1707,1,4653.983,FALSE,3504.087
5_24_23,M82,3,12,1052,1707,1,4653.983,FALSE,3223.489
5_24_23,M82,3,12,1052,1707,1,4653.983,FALSE,2959.976
5_24_23,M82,3,12,1052,1707,1,4653.983,FALSE,2717.3
5_24_23,M82,3,12,1052,1707,1,4653.983,FALSE,2451.541
5_24_23,M82,3,9,1100,1657,1,4939.891,FALSE,3125.462
5_24_23,M82,3,9,1100,1657,1,4939.891,FALSE,2934.921
5_24_23,M82,3,9,1100,1657,1,4939.891,FALSE,2907.763
5_24_23,M82,3,9,1100,1657,1,4939.891,FALSE,2900.515
5_24_23,M82,3,9,1100,1657,1,4939.891,FALSE,2862.649
5_29_23,LA0716,4,1,1149,1646,1,8003.572,FALSE,3220.498
5_29_23,LA0716,4,1,1149,1646,1,8003.572,FALSE,3694.213
5_29_23,LA0716,4,1,1149,1646,1,8003.572,FALSE,3194.26
5_29_23,LA0716,4,1,1149,1646,1,8003.572,FALSE,3009.626
5_29_23,LA0716,4,1,1149,1646,1,8003.572,FALSE,2995.213
5_29_23,LA0716,4,1,1149,1648,2,7679.479,FALSE,3342.124
5_29_23,LA0716,4,1,1149,1648,2,7679.479,FALSE,3726.427
5_29_23,LA0716,4,1,1149,1648,2,7679.479,FALSE,3643.333
5_29_23,LA0716,4,1,1149,1648,2,7679.479,FALSE,3580.1
5_29_23,LA0716,4,1,1149,1648,2,7679.479,FALSE,3091.409
5_29_23,LA0716,4,12,1155,1650,1,8548.926,FALSE,3814.327
5_29_23,LA0716,4,12,1155,1650,1,8548.926,FALSE,3554.566
5_29_23,LA0716,4,12,1155,1650,1,8548.926,FALSE,3712.058
5_29_23,LA0716,4,12,1155,1650,1,8548.926,FALSE,3651.713
5_29_23,LA0716,4,12,1155,1650,1,8548.926,FALSE,3820.761
5_29_23,LA0716,4,12,1155,1652,2,8147.649,FALSE,3958.362
5_29_23,LA0716,4,12,1155,1652,2,8147.649,FALSE,3926.088
5_29_23,LA0716,4,12,1155,1652,2,8147.649,FALSE,3444.895
5_29_23,LA0716,4,12,1155,1652,2,8147.649,FALSE,3286.177
5_29_23,LA0716,4,12,1155,1652,2,8147.649,FALSE,3327.157
5_29_23,M82,4,9,1127,1637,1,4836.203,FALSE,1902.635
5_29_23,M82,4,9,1127,1637,1,4836.203,FALSE,1489.711
5_29_23,M82,4,9,1127,1637,1,4836.203,FALSE,1207.076
5_29_23,M82,4,9,1127,1637,1,4836.203,FALSE,1207.418
5_29_23,M82,4,9,1127,1637,1,4836.203,FALSE,1267.242
5_29_23,M82,4,17,1132,1640,1,4672.745,FALSE,2877.548
5_29_23,M82,4,17,1132,1640,1,4672.745,FALSE,2732.64
5_29_23,M82,4,17,1132,1640,1,4672.745,FALSE,1403.142
5_29_23,M82,4,17,1132,1640,1,4672.745,FALSE,1490.441
5_29_23,M82,4,17,1132,1640,1,4672.745,FALSE,1157.576
5_29_23,M82,8,12,1120,1633,1,4917.444,TRUE,1343.515
5_29_23,M82,8,12,1120,1633,1,4917.444,TRUE,889.535
5_29_23,M82,8,12,1120,1633,1,4917.444,TRUE,1019.118
5_29_23,M82,8,12,1120,1633,1,4917.444,TRUE,952.132
5_29_23,M82,8,12,1120,1633,1,4917.444,TRUE,946.124
5_29_23,M82,8,12,1120,1635,2,4992.456,FALSE,2930.793
5_29_23,M82,8,12,1120,1635,2,4992.456,FALSE,2865.328
5_29_23,M82,8,12,1120,1635,2,4992.456,FALSE,2688.695
5_29_23,M82,8,12,1120,1635,2,4992.456,FALSE,2543.002
5_29_23,M82,8,12,1120,1635,2,4992.456,FALSE,2635.992
6_5_23,M82,3,13,1055,1721,1,4859.975,TRUE,814.488
6_5_23,M82,3,13,1055,1721,1,4859.975,TRUE,654.052
6_5_23,M82,3,13,1055,1721,1,4859.975,TRUE,840.971
6_5_23,M82,3,13,1055,1721,1,4859.975,TRUE,356.115
6_5_23,M82,3,13,1055,1721,1,4859.975,TRUE,301.448
6_5_23,M82,3,17,1052,1718,1,4161.789,FALSE,2322.892
6_5_23,M82,3,17,1052,1718,1,4161.789,FALSE,2321.097
6_5_23,M82,3,17,1052,1718,1,4161.789,FALSE,2056.975
6_5_23,M82,3,17,1052,1718,1,4161.789,FALSE,2213.476
6_5_23,M82,3,17,1052,1718,1,4161.789,FALSE,2201.316
6_5_23,M82,4,12,1040,1705,1,4707.527,FALSE,4665.495
6_5_23,M82,4,12,1040,1705,1,4707.527,FALSE,4652.885
6_5_23,M82,4,12,1040,1705,1,4707.527,FALSE,4647.382
6_5_23,M82,4,12,1040,1705,1,4707.527,FALSE,4627.367
6_5_23,M82,4,12,1040,1705,1,4707.527,FALSE,4623.2
6_5_23,M82,4,13,1044,1709,1,5498.205,FALSE,3896.188
6_5_23,M82,4,13,1044,1709,1,5498.205,FALSE,3800.679
6_5_23,M82,4,13,1044,1709,1,5498.205,FALSE,3645.08
6_5_23,M82,4,13,1044,1709,1,5498.205,FALSE,3431.278
6_5_23,M82,4,13,1044,1709,1,5498.205,FALSE,3488.372
6_5_23,M82,8,12,1033,1701,1,5014.729,FALSE,2866.981
6_5_23,M82,8,12,1033,1701,1,5014.729,FALSE,2847.182
6_5_23,M82,8,12,1033,1701,1,5014.729,FALSE,2858.393
6_5_23,M82,8,12,1033,1701,1,5014.729,FALSE,2772.708
6_5_23,M82,8,12,1033,1701,1,5014.729,FALSE,2810.54
6_5_23,LA0716,4,2,943,1650,2,7469.411,FALSE,5053.414
6_5_23,LA0716,4,2,943,1650,2,7469.411,FALSE,4912.464
6_5_23,LA0716,4,2,943,1650,2,7469.411,FALSE,4974.463
6_5_23,LA0716,4,2,943,1650,2,7469.411,FALSE,4902.899
6_5_23,LA0716,4,2,943,1650,2,7469.411,FALSE,4748.832
6_5_23,LA0716,4,2,943,1652,1,7007.945,FALSE,4378.876
6_5_23,LA0716,4,2,943,1652,1,7007.945,FALSE,4329.913
6_5_23,LA0716,4,2,943,1652,1,7007.945,FALSE,4145.678
6_5_23,LA0716,4,2,943,1652,1,7007.945,FALSE,4482.486
6_5_23,LA0716,4,2,943,1652,1,7007.945,FALSE,3704.673
6_5_23,LA0716,4,19,949,1654,1,7992.869,FALSE,4907.479
6_5_23,LA0716,4,19,949,1654,1,7992.869,FALSE,4844.243
6_5_23,LA0716,4,19,949,1654,1,7992.869,FALSE,4975.622
6_5_23,LA0716,4,19,949,1654,1,7992.869,FALSE,4835.47
6_5_23,LA0716,4,19,949,1654,1,7992.869,FALSE,4797.675
6_5_23,LA0716,10,1,934,1648,1,7906.278,FALSE,4630.262
6_5_23,LA0716,10,1,934,1648,1,7906.278,FALSE,4291.061
6_5_23,LA0716,10,1,934,1648,1,7906.278,FALSE,4059.816
6_5_23,LA0716,10,1,934,1648,1,7906.278,FALSE,4187.289
6_5_23,LA0716,10,1,934,1648,1,7906.278,FALSE,3966.479
6_5_23,LA0716,10,19,930,1642,2,8050.281,FALSE,7283.763
6_5_23,LA0716,10,19,930,1642,2,8050.281,FALSE,7232.235
6_5_23,LA0716,10,19,930,1642,2,8050.281,FALSE,4596.765
6_5_23,LA0716,10,19,930,1642,2,8050.281,FALSE,4307.485
6_5_23,LA0716,10,19,930,1642,2,8050.281,FALSE,4300.058
6_5_23,LA0716,10,19,930,1647,1,8074.479,FALSE,5048.742
6_5_23,LA0716,10,19,930,1647,1,8074.479,FALSE,5579.47
6_5_23,LA0716,10,19,930,1647,1,8074.479,FALSE,5021.462
6_5_23,LA0716,10,19,930,1647,1,8074.479,FALSE,4997.349
6_5_23,LA0716,10,19,930,1647,1,8074.479,FALSE,4783.99
6_5_23,LA0716,14,1,939,1649,1,6450.716,FALSE,3349.348
6_5_23,LA0716,14,1,939,1649,1,6450.716,FALSE,2926.235
6_5_23,LA0716,14,1,939,1649,1,6450.716,FALSE,2809.692
6_5_23,LA0716,14,1,939,1649,1,6450.716,FALSE,2700.453
6_5_23,LA0716,14,1,939,1649,1,6450.716,FALSE,2791.582
6_12_23,LA0716,10,1,1045,1606,2,7768.139,FALSE,7660.37
6_12_23,LA0716,10,1,1045,1606,2,7768.139,FALSE,6979.43
6_12_23,LA0716,10,1,1045,1606,2,7768.139,FALSE,3494.795
6_12_23,LA0716,10,1,1045,1606,2,7768.139,FALSE,3531.278
6_12_23,LA0716,10,1,1045,1606,2,7768.139,FALSE,3683.544
6_12_23,LA0716,10,1,1045,1608,1,7618.043,FALSE,2937.288
6_12_23,LA0716,10,1,1045,1608,1,7618.043,FALSE,2996.369
6_12_23,LA0716,10,1,1045,1608,1,7618.043,FALSE,3067.056
6_12_23,LA0716,10,1,1045,1608,1,7618.043,FALSE,3687.915
6_12_23,LA0716,10,1,1045,1608,1,7618.043,FALSE,3431.169
6_12_23,LA0716,10,2,1050,1609,2,7954.229,TRUE,2331.207
6_12_23,LA0716,10,2,1050,1609,2,7954.229,TRUE,2020.359
6_12_23,LA0716,10,2,1050,1609,2,7954.229,TRUE,2141.791
6_12_23,LA0716,10,2,1050,1609,2,7954.229,TRUE,2008.488
6_12_23,LA0716,10,2,1050,1609,2,7954.229,TRUE,1902.222
6_12_23,LA0716,10,2,1050,1611,1,7280.252,TRUE,2054.64
6_12_23,LA0716,10,2,1050,1611,1,7280.252,TRUE,1883.723
6_12_23,LA0716,10,2,1050,1611,1,7280.252,TRUE,1945.345
6_12_23,LA0716,10,2,1050,1611,1,7280.252,TRUE,1507.335
6_12_23,LA0716,10,2,1050,1611,1,7280.252,TRUE,1448.7
6_12_23,LA0716,10,12,1053,1614,1,7670.97,TRUE,2295.122
6_12_23,LA0716,10,12,1053,1614,1,7670.97,TRUE,2248.356
6_12_23,LA0716,10,12,1053,1614,1,7670.97,TRUE,2136.464
6_12_23,LA0716,10,12,1053,1614,1,7670.97,TRUE,2165.507
6_12_23,LA0716,10,12,1053,1614,1,7670.97,TRUE,2212.249
6_12_23,LA0716,10,17,1057,1620,1,8021.908,FALSE,3166.863
6_12_23,LA0716,10,17,1057,1620,1,8021.908,FALSE,3356.201
6_12_23,LA0716,10,17,1057,1620,1,8021.908,FALSE,3316.692
6_12_23,LA0716,10,17,1057,1620,1,8021.908,FALSE,3156.944
6_12_23,LA0716,10,17,1057,1620,1,8021.908,FALSE,2750.332
6_12_23,LA0716,14,1,1029,1558,2,6895.217,FALSE,3371.676
6_12_23,LA0716,14,1,1029,1558,2,6895.217,FALSE,3271.612
6_12_23,LA0716,14,1,1029,1558,2,6895.217,FALSE,3419.86
6_12_23,LA0716,14,1,1029,1558,2,6895.217,FALSE,3499.632
6_12_23,LA0716,14,1,1029,1558,2,6895.217,FALSE,3459.723
6_12_23,LA0716,14,2,1035,1602,2,6082.452,FALSE,3459.113
6_12_23,LA0716,14,2,1035,1602,2,6082.452,FALSE,3685.979
6_12_23,LA0716,14,2,1035,1602,2,6082.452,FALSE,4633.386
6_12_23,LA0716,14,2,1035,1602,2,6082.452,FALSE,4629.907
6_12_23,LA0716,14,2,1035,1602,2,6082.452,FALSE,4336.334
6_12_23,LA0716,14,2,1035,1604,1,6819.822,FALSE,5005.152
6_12_23,LA0716,14,2,1035,1604,1,6819.822,FALSE,5253.7
6_12_23,LA0716,14,2,1035,1604,1,6819.822,FALSE,5656.682
6_12_23,LA0716,14,2,1035,1604,1,6819.822,FALSE,4995.865
6_12_23,LA0716,14,2,1035,1604,1,6819.822,FALSE,4996.164
6_12_23,LA0716,14,12,1040,1559,1,6067.036,FALSE,3135.394
6_12_23,LA0716,14,12,1040,1559,1,6067.036,FALSE,3123.64
6_12_23,LA0716,14,12,1040,1559,1,6067.036,FALSE,3122.883
6_12_23,LA0716,14,12,1040,1559,1,6067.036,FALSE,3133.882
6_12_23,LA0716,14,12,1040,1559,1,6067.036,FALSE,3150.096
7_17_23,M82,3,9,1159,1701,1,5799.439,FALSE,2875.757
7_17_23,M82,3,9,1159,1701,1,5799.439,FALSE,2433.902
7_17_23,M82,3,9,1159,1701,1,5799.439,FALSE,1597.359
7_17_23,M82,3,9,1159,1701,1,5799.439,FALSE,1398.401
7_17_23,M82,3,9,1159,1701,1,5799.439,FALSE,1426.775
7_17_23,M82,4,13,1147,1654,1,3508.809,TRUE,1079.834
7_17_23,M82,4,13,1147,1654,1,3508.809,TRUE,709.089
7_17_23,M82,4,13,1147,1654,1,3508.809,TRUE,572.529
7_17_23,M82,4,13,1147,1654,1,3508.809,TRUE,566.198
7_17_23,M82,4,13,1147,1654,1,3508.809,TRUE,487.832
7_17_23,M82,4,13,1147,1656,2,5158.213,FALSE,2707.419
7_17_23,M82,4,13,1147,1656,2,5158.213,FALSE,2497.031
7_17_23,M82,4,13,1147,1656,2,5158.213,FALSE,2087.989
7_17_23,M82,4,13,1147,1656,2,5158.213,FALSE,1945.872
7_17_23,M82,4,13,1147,1656,2,5158.213,FALSE,1807.273
7_17_23,M82,4,14,1155,1659,1,5998.333,FALSE,3663.466
7_17_23,M82,4,14,1155,1659,1,5998.333,FALSE,3564.466
7_17_23,M82,4,14,1155,1659,1,5998.333,FALSE,3417.202
7_17_23,M82,4,14,1155,1659,1,5998.333,FALSE,3454.978
7_17_23,M82,4,14,1155,1659,1,5998.333,FALSE,3241.505
7_17_23,M82,4,14,1155,1700,2,3526.156,FALSE,1700.463
7_17_23,M82,4,14,1155,1700,2,3526.156,FALSE,1692.098
7_17_23,M82,4,14,1155,1700,2,3526.156,FALSE,1539.454
7_17_23,M82,4,14,1155,1700,2,3526.156,FALSE,1090.45
7_17_23,M82,4,14,1155,1700,2,3526.156,FALSE,732.867
7_17_23,M82,8,17,1133,1650,1,5419.898,FALSE,4156.413
7_17_23,M82,8,17,1133,1650,1,5419.898,FALSE,3004.898
7_17_23,M82,8,17,1133,1650,1,5419.898,FALSE,2870.522
7_17_23,M82,8,17,1133,1650,1,5419.898,FALSE,2640.06
7_17_23,M82,8,17,1133,1650,1,5419.898,FALSE,2386.349
7_27_23,M82,4,9,1111,1638,2,4297.908,TRUE,2870.336
7_27_23,M82,4,9,1111,1638,2,4297.908,TRUE,1771.951
7_27_23,M82,4,9,1111,1638,2,4297.908,TRUE,1457.036
7_27_23,M82,4,9,1111,1638,2,4297.908,TRUE,370.097
7_27_23,M82,4,9,1111,1638,2,4297.908,TRUE,581.807
7_27_23,M82,4,9,1111,1640,1,4993.184,TRUE,2085.541
7_27_23,M82,4,9,1111,1640,1,4993.184,TRUE,1352.621
7_27_23,M82,4,9,1111,1640,1,4993.184,TRUE,1338.046
7_27_23,M82,4,9,1111,1640,1,4993.184,TRUE,824.318
7_27_23,M82,4,9,1111,1640,1,4993.184,TRUE,743.691
7_27_23,M82,8,9,1111,1628,2,2317.048,FALSE,2105.289
7_27_23,M82,8,9,1111,1628,2,2317.048,FALSE,1982.444
7_27_23,M82,8,9,1111,1628,2,2317.048,FALSE,1877.712
7_27_23,M82,8,9,1111,1628,2,2317.048,FALSE,1823.358
7_27_23,M82,8,9,1111,1628,2,2317.048,FALSE,1832.541
7_27_23,M82,8,9,1111,1629,1,4904.007,FALSE,3743.487
7_27_23,M82,8,9,1111,1629,1,4904.007,FALSE,3682.085
7_27_23,M82,8,9,1111,1629,1,4904.007,FALSE,3076.535
7_27_23,M82,8,9,1111,1629,1,4904.007,FALSE,3077.428
7_27_23,M82,8,9,1111,1629,1,4904.007,FALSE,2652.98
7_27_23,M82,8,14,1115,1634,1,6257.052,FALSE,1392.692
7_27_23,M82,8,14,1115,1634,1,6257.052,FALSE,1275.8
7_27_23,M82,8,14,1115,1634,1,6257.052,FALSE,1324.905
7_27_23,M82,8,14,1115,1634,1,6257.052,FALSE,1320.23
7_27_23,M82,8,14,1115,1634,1,6257.052,FALSE,1067.607
8_1_23,M82,4,9,1125,1634,2,4770.208,TRUE,720.867
8_1_23,M82,4,9,1125,1634,2,4770.208,TRUE,436.062
8_1_23,M82,4,9,1125,1634,2,4770.208,TRUE,385.877
8_1_23,M82,4,9,1125,1634,2,4770.208,TRUE,88.353
8_1_23,M82,4,9,1125,1634,2,4770.208,TRUE,52.71
8_1_23,M82,8,9,1117,1626,1,5614.694,FALSE,3802.505
8_1_23,M82,8,9,1117,1626,1,5614.694,FALSE,2600.091
8_1_23,M82,8,9,1117,1626,1,5614.694,FALSE,2252.856
8_1_23,M82,8,9,1117,1626,1,5614.694,FALSE,1921.925
8_1_23,M82,8,9,1117,1626,1,5614.694,FALSE,1724.164
8_1_23,M82,8,9,1117,1627,2,5003.83,TRUE,1039.401
8_1_23,M82,8,9,1117,1627,2,5003.83,TRUE,999.634
8_1_23,M82,8,9,1117,1627,2,5003.83,TRUE,762.173
8_1_23,M82,8,9,1117,1627,2,5003.83,TRUE,707.214
8_1_23,M82,8,9,1117,1627,2,5003.83,TRUE,548.549
8_1_23,M82,8,9,1117,1628,3,4990.958,FALSE,3301.122
8_1_23,M82,8,9,1117,1628,3,4990.958,FALSE,2790.73
8_1_23,M82,8,9,1117,1628,3,4990.958,FALSE,2626.569
8_1_23,M82,8,9,1117,1628,3,4990.958,FALSE,2381.087
8_1_23,M82,8,9,1117,1628,3,4990.958,FALSE,2138.561
8_1_23,M82,8,14,1117,1630,2,5105.494,FALSE,2875.951
8_1_23,M82,8,14,1117,1630,2,5105.494,FALSE,2435.951
8_1_23,M82,8,14,1117,1630,2,5105.494,FALSE,1891.613
8_1_23,M82,8,14,1117,1630,2,5105.494,FALSE,1774.947
8_1_23,M82,8,14,1117,1630,2,5105.494,FALSE,1719.553
8_1_23,M82,8,14,1117,1631,3,4941.197,FALSE,2739.321
8_1_23,M82,8,14,1117,1631,3,4941.197,FALSE,2839.534
8_1_23,M82,8,14,1117,1631,3,4941.197,FALSE,2677.069
8_1_23,M82,8,14,1117,1631,3,4941.197,FALSE,2447.925
8_1_23,M82,8,14,1117,1631,3,4941.197,FALSE,2402.883
8_1_23,M82,8,14,1124,1629,1,5556.151,FALSE,2424.425
8_1_23,M82,8,14,1124,1629,1,5556.151,FALSE,2174.891
8_1_23,M82,8,14,1124,1629,1,5556.151,FALSE,2174.334
8_1_23,M82,8,14,1124,1629,1,5556.151,FALSE,1974.471
8_1_23,M82,8,14,1124,1629,1,5556.151,FALSE,1999.528
8_1_23,M82,3,14,1129,1636,1,5195.346,FALSE,1733.348
8_1_23,M82,3,14,1129,1636,1,5195.346,FALSE,1718.412
8_1_23,M82,3,14,1129,1636,1,5195.346,FALSE,1532.823
8_1_23,M82,3,14,1129,1636,1,5195.346,FALSE,1129.325
8_1_23,M82,3,14,1129,1636,1,5195.346,FALSE,1013.057
8_1_23,M82,3,14,1129,1637,2,4043.045,FALSE,1752.061
8_1_23,M82,3,14,1129,1637,2,4043.045,FALSE,1679.047
8_1_23,M82,3,14,1129,1637,2,4043.045,FALSE,1585.674
8_1_23,M82,3,14,1129,1637,2,4043.045,FALSE,1393.502
8_1_23,M82,3,14,1129,1637,2,4043.045,FALSE,1272.85
8_1_23,M82,3,14,1129,1638,3,4533.052,FALSE,3638.682
8_1_23,M82,3,14,1129,1638,3,4533.052,FALSE,3154.296
8_1_23,M82,3,14,1129,1638,3,4533.052,FALSE,2554.705
8_1_23,M82,3,14,1129,1638,3,4533.052,FALSE,2073.915
8_1_23,M82,3,14,1129,1638,3,4533.052,FALSE,2264.864
8_1_23,M82,4,9,1125,1633,1,3532.638,FALSE,2028.801
8_1_23,M82,4,9,1125,1633,1,3532.638,FALSE,2018.442
8_1_23,M82,4,9,1125,1633,1,3532.638,FALSE,1946.809
8_1_23,M82,4,9,1125,1633,1,3532.638,FALSE,1662.412
8_1_23,M82,4,9,1125,1633,1,3532.638,FALSE,1315.822
8_7_23,M82,3,13,1110,1611,1,4964.014,TRUE,1069.96
8_7_23,M82,3,13,1110,1611,1,4964.014,TRUE,451.298
8_7_23,M82,3,13,1110,1611,1,4964.014,TRUE,486.147
8_7_23,M82,3,13,1110,1611,1,4964.014,TRUE,204.253
8_7_23,M82,3,13,1110,1611,1,4964.014,TRUE,174.472
8_7_23,M82,3,13,1110,1613,2,4792.458,TRUE,1941.709
8_7_23,M82,3,13,1110,1613,2,4792.458,TRUE,449.781
8_7_23,M82,3,13,1110,1613,2,4792.458,TRUE,251.256
8_7_23,M82,3,13,1110,1613,2,4792.458,TRUE,57.743
8_7_23,M82,3,13,1110,1613,2,4792.458,TRUE,75.588
8_15_23,LA0716,10,2,940,1550,1,7236.905,TRUE,2292.983
8_15_23,LA0716,10,2,940,1550,1,7236.905,TRUE,2051.521
8_15_23,LA0716,10,2,940,1550,1,7236.905,TRUE,1184.718
8_15_23,LA0716,10,2,940,1550,1,7236.905,TRUE,607.385
8_15_23,LA0716,10,2,940,1550,1,7236.905,TRUE,562.399
8_15_23,LA0716,10,2,940,1551,2,6555.803,TRUE,2269.709
8_15_23,LA0716,10,2,940,1551,2,6555.803,TRUE,2217.208
8_15_23,LA0716,10,2,940,1551,2,6555.803,TRUE,1645.882
8_15_23,LA0716,10,2,940,1551,2,6555.803,TRUE,1507.68
8_15_23,LA0716,10,2,940,1551,2,6555.803,TRUE,923.232
8_15_23,LA0716,10,2,940,1551,3,6719.823,TRUE,2539.723
8_15_23,LA0716,10,2,940,1551,3,6719.823,TRUE,1717.048
8_15_23,LA0716,10,2,940,1551,3,6719.823,TRUE,971.664
8_15_23,LA0716,10,2,940,1551,3,6719.823,TRUE,875.214
8_15_23,LA0716,10,2,940,1551,3,6719.823,TRUE,633.746
8_15_23,LA0716,14,19,942,1546,1,6830.82,TRUE,2341.472
8_15_23,LA0716,14,19,942,1546,1,6830.82,TRUE,1968.471
8_15_23,LA0716,14,19,942,1546,1,6830.82,TRUE,1305.01
8_15_23,LA0716,14,19,942,1546,1,6830.82,TRUE,1338.215
8_15_23,LA0716,14,19,942,1546,1,6830.82,TRUE,1269.056
8_15_23,LA0716,14,19,945,1549,2,6456.956,TRUE,1981.869
8_15_23,LA0716,14,19,945,1549,2,6456.956,TRUE,1847.518
8_15_23,LA0716,14,19,945,1549,2,6456.956,TRUE,1937.585
8_15_23,LA0716,14,19,945,1549,2,6456.956,TRUE,1855.517
8_15_23,LA0716,14,19,945,1549,2,6456.956,TRUE,1915.029
8_21_23,LA0716,4,17,1102,1700,1,6976.007,FALSE,3604.498
8_21_23,LA0716,4,17,1102,1700,1,6976.007,FALSE,3521.787
8_21_23,LA0716,4,17,1102,1700,1,6976.007,FALSE,3514.667
8_21_23,LA0716,4,17,1102,1700,1,6976.007,FALSE,3512.804
8_21_23,LA0716,4,17,1102,1700,1,6976.007,FALSE,3457.676
8_21_23,LA0716,4,17,1102,1701,2,7154.15,FALSE,3212.384
8_21_23,LA0716,4,17,1102,1701,2,7154.15,FALSE,3188.08
8_21_23,LA0716,4,17,1102,1701,2,7154.15,FALSE,2994.9
8_21_23,LA0716,4,17,1102,1701,2,7154.15,FALSE,2677.888
8_21_23,LA0716,4,17,1102,1701,2,7154.15,FALSE,2611.542
8_21_23,LA0716,10,12,1115,1703,2,7282.643,FALSE,4225.97
8_21_23,LA0716,10,12,1115,1703,2,7282.643,FALSE,4103.183
8_21_23,LA0716,10,12,1115,1703,2,7282.643,FALSE,3743.994
8_21_23,LA0716,10,12,1115,1703,2,7282.643,FALSE,4045.205
8_21_23,LA0716,10,12,1115,1703,2,7282.643,FALSE,3726.295
8_21_23,LA0716,10,12,1115,1705,3,7283.689,FALSE,4239.652
8_21_23,LA0716,10,12,1115,1705,3,7283.689,FALSE,3922.669
8_21_23,LA0716,10,12,1115,1705,3,7283.689,FALSE,3863.638
8_21_23,LA0716,10,12,1115,1705,3,7283.689,FALSE,3795.094
8_21_23,LA0716,10,12,1115,1705,3,7283.689,FALSE,3831.769
8_21_23,LA0716,10,12,1115,1706,1,7230.12,FALSE,3812.991
8_21_23,LA0716,10,12,1115,1706,1,7230.12,FALSE,3795.4
8_21_23,LA0716,10,12,1115,1706,1,7230.12,FALSE,3765.584
8_21_23,LA0716,10,12,1115,1706,1,7230.12,FALSE,3585.983
8_21_23,LA0716,10,12,1115,1706,1,7230.12,FALSE,3449.762
8_21_23,LA0716,10,12,1115,1710,4,7931.909,FALSE,5213.573
8_21_23,LA0716,10,12,1115,1710,4,7931.909,FALSE,5137.229
8_21_23,LA0716,10,12,1115,1710,4,7931.909,FALSE,4860.399
8_21_23,LA0716,10,12,1115,1710,4,7931.909,FALSE,4742.175
8_21_23,LA0716,10,12,1115,1710,4,7931.909,FALSE,4403.951
8_21_23,LA0716,10,17,1110,1702,1,8598.655,FALSE,4312.342
8_21_23,LA0716,10,17,1110,1702,1,8598.655,FALSE,3860.166
8_21_23,LA0716,10,17,1110,1702,1,8598.655,FALSE,3633.364
8_21_23,LA0716,10,17,1110,1702,1,8598.655,FALSE,3224.932
8_21_23,LA0716,10,17,1110,1702,1,8598.655,FALSE,3528.194
8_21_23,LA0716,14,12,1115,1657,1,6854.883,FALSE,3683.896
8_21_23,LA0716,14,12,1115,1657,1,6854.883,FALSE,3479.87
8_21_23,LA0716,14,12,1115,1657,1,6854.883,FALSE,3191.605
8_21_23,LA0716,14,12,1115,1657,1,6854.883,FALSE,3013.374
8_21_23,LA0716,14,12,1115,1657,1,6854.883,FALSE,3018.032
8_21_23,LA0716,14,12,1115,1659,2,7115.008,FALSE,2750.922
8_21_23,LA0716,14,12,1115,1659,2,7115.008,FALSE,2742.549
8_21_23,LA0716,14,12,1115,1659,2,7115.008,FALSE,2515.54
8_21_23,LA0716,14,12,1115,1659,2,7115.008,FALSE,2722.797
8_21_23,LA0716,14,12,1115,1659,2,7115.008,FALSE,2484.237
8_21_23,LA0716,14,17,1058,1656,1,7171.844,FALSE,3747.55
8_21_23,LA0716,14,17,1058,1656,1,7171.844,FALSE,3320.314
8_21_23,LA0716,14,17,1058,1656,1,7171.844,FALSE,2865.457
8_21_23,LA0716,14,17,1058,1656,1,7171.844,FALSE,2921.07
8_21_23,LA0716,14,17,1058,1656,1,7171.844,FALSE,2945.108
8_28_23,LA0716,4,19,1138,1659,1,5199.965,TRUE,1059.513
8_28_23,LA0716,4,19,1138,1659,1,5199.965,TRUE,623.111
8_28_23,LA0716,4,19,1138,1659,1,5199.965,TRUE,239.578
8_28_23,LA0716,4,19,1138,1659,1,5199.965,TRUE,272.657
8_28_23,LA0716,4,19,1138,1659,1,5199.965,TRUE,189.499
8_28_23,LA0716,10,2,1140,1704,1,6971.143,FALSE,2700.004
8_28_23,LA0716,10,2,1140,1704,1,6971.143,FALSE,2627.247
8_28_23,LA0716,10,2,1140,1704,1,6971.143,FALSE,2813.205
8_28_23,LA0716,10,2,1140,1704,1,6971.143,FALSE,2605.195
8_28_23,LA0716,10,2,1140,1704,1,6971.143,FALSE,2840.2
8_28_23,LA0716,10,17,1145,1705,1,7152.418,TRUE,2455.988
8_28_23,LA0716,10,17,1145,1705,1,7152.418,TRUE,1473.016
8_28_23,LA0716,10,17,1145,1705,1,7152.418,TRUE,1372.369
8_28_23,LA0716,10,17,1145,1705,1,7152.418,TRUE,1389.324
8_28_23,LA0716,10,17,1145,1705,1,7152.418,TRUE,1246.27
8_28_23,LA0716,10,17,1145,1706,2,6907.767,FALSE,1692.559
8_28_23,LA0716,10,17,1145,1706,2,6907.767,FALSE,1708.438
8_28_23,LA0716,10,17,1145,1706,2,6907.767,FALSE,1817.275
8_28_23,LA0716,10,17,1145,1706,2,6907.767,FALSE,1615.159
8_28_23,LA0716,10,17,1145,1706,2,6907.767,FALSE,1721.005
8_28_23,LA0716,14,19,1138,1658,1,6545.554,FALSE,2200.163
8_28_23,LA0716,14,19,1138,1658,1,6545.554,FALSE,2354.077
8_28_23,LA0716,14,19,1138,1658,1,6545.554,FALSE,2190.881
8_28_23,LA0716,14,19,1138,1658,1,6545.554,FALSE,1980.326
8_28_23,LA0716,14,19,1138,1658,1,6545.554,FALSE,2091.486
8_28_23,LA0716,14,19,1138,1702,2,6484.72,TRUE,192.678
8_28_23,LA0716,14,19,1138,1702,2,6484.72,TRUE,169.866
8_28_23,LA0716,14,19,1138,1702,2,6484.72,TRUE,172.914
8_28_23,LA0716,14,19,1138,1702,2,6484.72,TRUE,119.106
8_28_23,LA0716,14,19,1138,1702,2,6484.72,TRUE,118.574
8_28_23,M82,3,13,1150,1716,2,4787.679,FALSE,3843.482
8_28_23,M82,3,13,1150,1716,2,4787.679,FALSE,3401.107
8_28_23,M82,3,13,1150,1716,2,4787.679,FALSE,3145.142
8_28_23,M82,3,13,1150,1716,2,4787.679,FALSE,3074.75
8_28_23,M82,3,13,1150,1716,2,4787.679,FALSE,3121.473
8_28_23,M82,3,13,1150,1717,3,3809.249,FALSE,3021.234
8_28_23,M82,3,13,1150,1717,3,3809.249,FALSE,2739.456
8_28_23,M82,3,13,1150,1717,3,3809.249,FALSE,2744.561
8_28_23,M82,3,13,1150,1717,3,3809.249,FALSE,2178.629
8_28_23,M82,3,13,1150,1717,3,3809.249,FALSE,1748.957
8_28_23,M82,3,13,1158,1715,1,4916.976,FALSE,3870.037
8_28_23,M82,3,13,1158,1715,1,4916.976,FALSE,3803.672
8_28_23,M82,3,13,1158,1715,1,4916.976,FALSE,3658.638
8_28_23,M82,3,13,1158,1715,1,4916.976,FALSE,3594.99
8_28_23,M82,3,13,1158,1715,1,4916.976,FALSE,3552.193
8_28_23,M82,4,12,1155,1712,1,5451.512,TRUE,2748.592
8_28_23,M82,4,12,1155,1712,1,5451.512,TRUE,2006.344
8_28_23,M82,4,12,1155,1712,1,5451.512,TRUE,1849.713
8_28_23,M82,4,12,1155,1712,1,5451.512,TRUE,1237.878
8_28_23,M82,4,12,1155,1712,1,5451.512,TRUE,851.501
8_28_23,M82,4,17,1156,1714,1,4424.425,FALSE,4348.099
8_28_23,M82,4,17,1156,1714,1,4424.425,FALSE,4087.011
8_28_23,M82,4,17,1156,1714,1,4424.425,FALSE,2348.743
8_28_23,M82,4,17,1156,1714,1,4424.425,FALSE,1775.282
8_28_23,M82,4,17,1156,1714,1,4424.425,FALSE,1740.833
8_28_23,M82,8,13,1150,1710,1,3228.775,FALSE,1865.21
8_28_23,M82,8,13,1150,1710,1,3228.775,FALSE,1788.13
8_28_23,M82,8,13,1150,1710,1,3228.775,FALSE,1749.337
8_28_23,M82,8,13,1150,1710,1,3228.775,FALSE,1616.094
8_28_23,M82,8,13,1150,1710,1,3228.775,FALSE,1369.327
8_28_23,M82,8,13,1155,1712,2,5051.623,FALSE,5034.919
8_28_23,M82,8,13,1155,1712,2,5051.623,FALSE,5040.613
8_28_23,M82,8,13,1155,1712,2,5051.623,FALSE,5049.974
8_28_23,M82,8,13,1155,1712,2,5051.623,FALSE,5055.257
8_28_23,M82,8,13,1155,1712,2,5051.623,FALSE,4800.785